username,password,resource_id
user001,pass001,550e8400-e29b-41d4-a716-446655440001
user002,pass002,550e8400-e29b-41d4-a716-446655440002
user003,pass003,550e8400-e29b-41d4-a716-446655440003
user004,pass004,550e8400-e29b-41d4-a716-446655440004
user005,pass005,550e8400-e29b-41d4-a716-446655440005
user006,pass006,550e8400-e29b-41d4-a716-446655440006
user007,pass007,550e8400-e29b-41d4-a716-446655440007
user008,pass008,550e8400-e29b-41d4-a716-446655440008
user009,pass009,550e8400-e29b-41d4-a716-446655440009
user010,pass010,550e8400-e29b-41d4-a716-446655440010
user011,pass011,550e8400-e29b-41d4-a716-446655440011
user012,pass012,550e8400-e29b-41d4-a716-446655440012
user013,pass013,550e8400-e29b-41d4-a716-446655440013
user014,pass014,550e8400-e29b-41d4-a716-446655440014
user015,pass015,550e8400-e29b-41d4-a716-446655440015
user016,pass016,550e8400-e29b-41d4-a716-446655440016
user017,pass017,550e8400-e29b-41d4-a716-446655440017
user018,pass018,550e8400-e29b-41d4-a716-446655440018
user019,pass019,550e8400-e29b-41d4-a716-446655440019
user020,pass020,550e8400-e29b-41d4-a716-446655440020
